City_ID,City,Lat,Lng,Max Temp,Humidity,Cloudiness,Wind Speed,Country,Date
0,cabedelo,-6.9811,-34.8339,22.37,77,100,4.84,BR,1730270761
1,stanley,54.868,-1.6985,8.01,95,20,1.54,GB,1730270751
2,el granada,37.5027,-122.4694,12.14,81,40,4.63,US,1730270869
3,waitangi,-43.9535,-176.5597,12.68,93,100,0.89,NZ,1730270636
4,hobyo,5.3505,48.5268,28.01,76,94,3.13,SO,1730270754
5,chipinge,-20.1883,32.6236,29.79,37,41,1.51,ZW,1730270873
6,alofi,-19.0595,-169.9187,23.94,83,90,1.54,NU,1730270874
7,nova sintra,14.8667,-24.7167,25.64,74,100,5.81,CV,1730270876
8,totness,5.8833,-56.3167,25.62,87,26,2.92,SR,1730270877
9,lebu,-37.6167,-73.65,12.73,90,100,1.15,CL,1730270672
10,carnarvon,-24.8667,113.6333,24.06,74,0,11.25,AU,1730270879
11,olonkinbyen,70.9221,-8.7187,-4.89,53,100,5.64,SJ,1730270667
12,usinsk,65.9939,57.5281,0.87,98,100,6.95,RU,1730270748
13,nicoya,10.1483,-85.452,22.35,99,100,0.77,CR,1730270883
14,vila velha,-20.3297,-40.2925,21.97,98,75,2.24,BR,1730270885
15,puerto ayora,-0.7393,-90.3518,20.31,96,62,1.79,EC,1730270626
16,iskateley,67.6803,53.1512,0.78,76,100,5.97,RU,1730270639
17,puerto natales,-51.7236,-72.4875,5.74,97,100,2.09,CL,1730270431
18,aasiaat,68.7098,-52.8699,-14.26,75,100,5.79,GL,1730270817
19,karratha,-20.7377,116.8463,34.26,37,3,6.34,AU,1730270891
20,port-aux-francais,-49.35,70.2167,2.27,70,100,9.95,TF,1730270634
21,wynyard,-41.0,145.7167,13.99,68,100,0.89,AU,1730270894
22,isafjordur,66.0755,-23.124,-2.66,85,44,5.16,IS,1730270757
23,jamestown,42.097,-79.2353,18.34,71,0,5.14,US,1730270620
24,utrik,11.2278,169.8474,28.44,79,94,5.89,MH,1730270600
25,ancud,-41.8697,-73.8203,9.39,93,100,0.63,CL,1730270899
26,xining,36.6167,101.7667,10.96,59,100,2.89,CN,1730270900
27,margaret river,-33.95,115.0667,20.52,58,0,7.08,AU,1730270352
28,west island,-12.1568,96.8225,28.99,74,40,5.14,CC,1730270468
29,edinburgh of the seven seas,-37.0676,-12.3116,13.93,85,15,10.01,SH,1730270655
30,ushuaia,-54.8,-68.3,4.81,70,0,1.54,AR,1730270678
31,roma,43.2128,-75.4557,12.08,87,100,2.57,US,1730270907
32,mejit,10.2753,170.8646,28.8,71,41,6.82,MH,1730270908
33,qaqortoq,60.7167,-46.0333,-9.89,85,8,3.3,GL,1730270909
34,hilo,19.7297,-155.09,22.85,95,100,3.6,US,1730270580
35,ilam,26.9167,87.9167,22.54,82,83,2.84,NP,1730270912
36,adamstown,-25.066,-130.1015,20.89,79,95,5.21,PN,1730270627
37,bethel,41.3712,-73.414,14.2,89,75,0.0,US,1730270447
38,kodiak,57.79,-152.4072,3.73,41,0,14.4,US,1730270767
39,blackmans bay,-43.0167,147.3167,14.85,62,100,3.64,AU,1730270680
40,papatowai,-46.5619,169.4708,9.63,88,100,5.81,NZ,1730270462
41,iqaluit,63.7506,-68.5145,-3.15,79,40,9.77,CA,1730270677
42,avarua,-21.2078,-159.775,23.03,73,20,6.17,CK,1730270617
43,kaga bandoro,6.9896,19.1874,26.62,65,3,0.53,CF,1730270922
44,talnakh,69.4865,88.3972,-12.61,92,100,2.8,RU,1730270626
45,hounde,11.5,-3.5167,24.71,56,58,1.79,BF,1730270925
46,hiratacho,35.4333,132.8167,20.98,60,20,5.14,JP,1730270927
47,fort mcmurray,56.7268,-111.381,-2.23,74,100,1.54,CA,1730270815
48,wailua homesteads,22.0669,-159.378,22.7,94,16,5.83,US,1730270469
49,mournies,35.4764,24.0092,30.04,88,40,2.06,GR,1730270930
50,bredasdorp,-34.5322,20.0403,17.85,67,1,2.1,ZA,1730270706
51,klyuchi,52.2667,79.1667,4.92,61,74,5.64,RU,1730270933
52,grytviken,-54.2811,-36.5092,-0.21,98,100,2.49,GS,1730270620
53,albany,42.6001,-73.9662,12.69,93,100,0.45,US,1730270618
54,visby,57.6409,18.296,11.13,87,40,5.66,SE,1730270937
55,karmaskaly,54.3709,56.1837,1.95,57,39,5.23,RU,1730270938
56,yellowknife,62.456,-114.3525,-11.51,95,0,3.6,CA,1730270628
57,sarayonu,38.262,32.4046,10.15,58,0,2.04,TR,1730270942
58,bontang,0.1333,117.5,29.73,66,100,3.41,ID,1730270943
59,labytnangi,66.6572,66.4183,-8.92,96,99,1.34,RU,1730270775
60,anadyr,64.75,177.4833,-1.72,74,100,10.73,RU,1730270595
61,catia la mar,10.6038,-67.0303,28.33,74,96,3.09,VE,1730270947
62,lae,-6.7221,146.9847,26.72,70,73,2.51,PG,1730270949
63,sao felix do xingu,-6.6447,-51.995,22.36,90,100,0.53,BR,1730270571
64,likisa,-8.6695,125.6875,24.06,70,100,2.68,TL,1730270952
65,berber,18.0216,33.983,30.44,22,0,5.29,SD,1730270954
66,college,64.8569,-147.8028,-7.01,74,75,0.0,US,1730270583
67,invercargill,-46.4,168.35,11.12,88,100,6.26,NZ,1730270633
68,san patricio,28.017,-97.5169,25.97,85,23,7.08,US,1730270553
69,chibougamau,49.9168,-74.3659,3.79,93,100,3.6,CA,1730270959
70,ketchikan,55.3422,-131.6461,7.99,81,100,8.75,US,1730270774
71,saint-pierre,-21.3393,55.4781,26.82,61,0,11.83,RE,1730270657
72,preobrazheniye,42.9019,133.9064,12.24,77,0,2.6,RU,1730270963
73,lazaro cardenas,17.9583,-102.2,25.19,89,4,1.84,MX,1730270964
74,labrador city,52.9463,-66.9114,-1.57,67,100,30.4,CA,1730270966
75,watampone,-4.5386,120.3279,32.33,52,6,3.23,ID,1730270967
76,vezirkopru,41.1436,35.4547,13.56,77,57,0.89,TR,1730270968
77,safotu,-13.4513,-172.4018,27.44,82,22,6.23,WS,1730270718
78,mpanda,-6.3655,31.0409,29.18,44,91,2.67,TZ,1730270971
79,namibe,-15.1961,12.1522,19.86,70,27,1.13,AO,1730270798
80,berezovyy,51.6667,135.7,3.63,54,6,2.53,RU,1730270973
81,keflavik,64.0049,-22.5624,4.24,81,75,2.57,IS,1730270675
82,agat village,13.3886,144.6585,30.53,84,75,8.23,GU,1730270976
83,tofol,5.3248,163.0078,25.88,94,100,1.54,FM,1730270563
84,ribeira grande,38.5167,-28.7,20.43,81,16,4.02,PT,1730270450
85,rikaze,29.25,88.8833,14.77,20,0,1.8,CN,1730270980
86,puerto armuelles,8.2833,-82.8667,25.61,90,100,2.24,PA,1730270664
87,saipan,15.1355,145.701,31.39,70,40,5.66,MP,1730270582
88,thompson,55.7435,-97.8558,-0.91,64,75,4.12,CA,1730270745
89,geoktschai,40.6531,47.7406,11.42,76,72,0.0,AZ,1730270985
90,santa terezinha,-29.9002,-50.0904,20.67,88,95,6.67,BR,1730270987
91,nar'yan-mar,67.6713,53.087,0.79,76,100,5.98,RU,1730270988
92,quiberon,47.4841,-3.1196,12.84,81,1,7.9,FR,1730270990
93,san mariano,7.5,126.0,30.23,63,99,0.45,PH,1730270991
94,cabo san lucas,22.8909,-109.9124,27.09,66,0,4.79,MX,1730270323
95,nuuk,64.1835,-51.7216,-5.66,68,16,7.72,GL,1730270642
96,hamilton,39.1834,-84.5333,19.39,79,75,4.12,US,1730270657
97,chonchi,-42.6128,-73.8092,11.18,95,100,1.59,CL,1730270825
98,yreka,41.7354,-122.6345,4.16,75,0,3.09,US,1730270998
99,tukrah,32.5341,20.5791,22.62,61,0,6.31,LY,1730270999
100,cockburn town,21.4612,-71.1419,27.88,74,100,10.13,TC,1730270549
101,port alfred,-33.5906,26.891,16.21,95,81,3.13,ZA,1730270821
102,caleta de carquin,-11.0925,-77.6267,16.94,89,80,3.75,PE,1730271003
103,baise city,23.8997,106.6133,27.41,99,4,0.66,CN,1730271004
104,sao jose da coroa grande,-8.8978,-35.1478,23.62,76,43,3.38,BR,1730271006
105,geraldton,-28.7667,114.6,25.23,61,5,9.26,AU,1730270705
106,gondar,12.6,37.4667,19.8,61,4,0.75,ET,1730271008
107,whakatane,-37.9585,176.9854,14.17,95,92,1.42,NZ,1730271010
108,aparri,18.3333,121.6167,24.84,92,100,9.9,PH,1730271011
109,hermanus,-34.4187,19.2345,19.33,72,0,3.8,ZA,1730270618
110,pacific grove,36.6177,-121.9166,10.92,90,0,2.57,US,1730271013
111,longyearbyen,78.2186,15.6401,-3.09,63,75,6.17,SJ,1730270547
112,ust-nera,64.5667,143.2,-19.61,99,100,1.84,RU,1730270630
113,ilulissat,69.2167,-51.1,-10.99,48,40,7.72,GL,1730270668
114,vorgashor,67.5833,63.95,-1.77,97,100,4.37,RU,1730271019
115,natchitoches,31.7668,-93.1335,20.99,94,40,3.09,US,1730271020
116,howrah,22.5892,88.3103,32.0,66,40,2.06,IN,1730271021
117,kyzyl-suu,42.3414,78.0056,6.51,60,87,3.07,KG,1730271023
118,langres,47.8333,5.3333,8.87,93,0,2.07,FR,1730271024
119,tolanaro,-25.0319,46.9987,29.04,65,20,8.23,MG,1730270665
120,boujniba,32.9005,-6.7746,10.18,85,19,5.44,MA,1730271027
121,badagry,6.4167,2.8833,26.27,84,93,0.65,NG,1730271028
122,badger,64.8,-147.5333,-7.05,86,75,0.0,US,1730270564
123,kailua-kona,19.6406,-155.9956,24.2,78,1,1.86,US,1730271031
124,fale old settlement,-9.3852,-171.2468,28.13,76,75,6.4,TK,1730271032
125,rio branco,-9.9747,-67.81,24.34,88,75,1.03,BR,1730271034
126,crane,31.3974,-102.3501,20.98,67,69,8.33,US,1730271035
127,polyarnyy,69.1989,33.4478,0.24,87,100,6.62,RU,1730270721
128,namtsy,62.7161,129.6658,-18.0,94,63,1.65,RU,1730271038
129,athni,16.7333,75.0667,30.03,46,19,1.79,IN,1730271039
130,hithadhoo,-0.6,73.0833,28.24,66,89,3.14,MV,1730270643
131,energetik,51.7445,58.7934,2.69,68,71,1.85,RU,1730271042
132,el matama,16.7095,33.3565,30.96,16,0,5.78,SD,1730271043
133,colonia menno,-22.3667,-59.8167,28.69,55,99,2.71,PY,1730271045
134,antsiranana,-12.2787,49.2917,30.42,48,40,9.26,MG,1730271046
135,punta arenas,-53.15,-70.9167,6.06,87,100,2.57,CL,1730270565
136,avesta,60.1455,16.1679,6.18,83,100,2.55,SE,1730271048
137,lihue,21.9789,-159.3672,23.03,94,10,6.32,US,1730271050
138,fort bragg,35.139,-79.006,16.91,87,100,0.0,US,1730271051
139,menongue,-14.6585,17.691,26.87,15,4,3.53,AO,1730270670
140,rio grande,-32.035,-52.0986,18.76,94,1,3.91,BR,1730271054
141,kapa'a,22.0752,-159.319,23.44,94,11,6.7,US,1730270793
142,whitehorse,60.7161,-135.0538,0.43,93,100,6.71,CA,1730270813
143,remire-montjoly,4.9167,-52.2667,25.02,94,0,1.03,GF,1730270543
144,san clemente del tuyu,-36.3569,-56.7235,18.56,91,1,4.27,AR,1730271059
145,hasaki,35.7333,140.8333,20.5,68,100,10.85,JP,1730270801
146,visakhapatnam,17.69,83.2093,29.85,67,47,3.43,IN,1730271061
147,okhotsk,59.3833,143.3,-8.51,72,83,6.9,RU,1730271063
148,lashio,22.9333,97.75,28.78,48,8,0.94,MM,1730271065
149,atafu village,-8.5421,-172.5159,27.85,78,98,6.16,TK,1730270492
150,pisco,-13.7,-76.2167,17.03,88,0,2.57,PE,1730270708
151,puerto baquerizo moreno,-0.9,-89.6,19.87,83,74,5.09,EC,1730270646
152,mount gambier,-37.8333,140.7667,14.92,62,100,4.54,AU,1730271070
153,at taj,24.2049,23.2857,19.32,38,0,3.59,LY,1730271071
154,yelizovo,53.1873,158.3805,3.08,38,75,12.0,RU,1730271073
155,krychaw,53.6945,31.7099,7.54,85,100,4.56,BY,1730271074
156,vila franca do campo,37.7167,-25.4333,18.27,99,26,2.32,PT,1730271075
157,celestun,20.8667,-90.4,24.9,91,99,4.19,MX,1730271076
158,udachny,66.4167,112.4,-20.97,98,42,1.53,RU,1730270449
159,bamboo flat,11.7,92.7167,28.27,72,93,2.29,IN,1730270659
160,revda,56.801,59.9303,1.52,69,29,3.51,RU,1730271080
161,bilibino,68.0546,166.4372,-22.39,98,35,2.29,RU,1730270438
162,chifeng,42.2683,118.9636,14.86,39,100,2.69,CN,1730271083
163,grand falls-windsor,48.9332,-55.6649,-0.28,92,45,0.45,CA,1730271084
164,ambodivoara,-14.3397,49.9826,29.96,51,78,3.06,MG,1730271086
165,tazacorte,28.629,-17.9293,17.54,59,0,3.6,ES,1730271087
166,bandeirantes,-23.11,-50.3675,19.63,80,1,3.51,BR,1730271088
167,tsiombe,-25.3,45.4833,34.55,34,100,2.61,MG,1730271089
168,mugia,43.1041,-9.2179,14.95,78,3,6.71,ES,1730270441
169,taoudenni,22.6783,-3.9836,23.73,28,62,4.11,ML,1730270665
170,port mathurin,-19.6833,63.4167,23.28,77,21,7.77,MU,1730270639
171,aripuana,-9.1667,-60.6333,23.6,69,100,1.57,BR,1730271095
172,afaahiti,-17.75,-149.2833,23.24,76,94,7.84,PF,1730270724
173,port macquarie,-31.4333,152.9167,21.71,68,3,3.58,AU,1730271097
174,new norfolk,-42.7826,147.0587,15.51,59,100,3.29,AU,1730271099
175,inarajan village,13.2736,144.7484,30.55,85,100,7.43,GU,1730271100
176,stephenville,32.2207,-98.2023,22.86,82,0,3.13,US,1730271101
177,zharkent,44.1628,80.0,9.25,47,98,1.24,KZ,1730271103
178,nova xavantina,-14.6667,-52.35,22.52,96,100,0.81,BR,1730271104
179,enewetak,11.3474,162.3373,29.02,76,18,6.77,MH,1730270658
180,bardai,11.65,7.2333,21.81,30,100,4.79,NG,1730270622
181,kuanda,56.3161,116.0806,-2.5,87,100,0.47,RU,1730271108
182,turbat,26.0023,63.044,34.74,14,0,5.65,PK,1730271110
183,alaghsas,17.0187,8.0168,18.94,27,0,3.09,NE,1730271111
184,coyhaique,-45.5752,-72.0662,7.61,97,100,2.54,CL,1730271112
185,iquique,-20.2208,-70.1431,17.02,75,20,2.34,CL,1730271114
186,koton-karfe,8.1,6.8,26.15,81,82,0.77,NG,1730271115
187,arraial do cabo,-22.9661,-42.0278,21.85,87,100,6.15,BR,1730271116
188,kudymkar,59.0173,54.656,3.13,79,100,4.38,RU,1730271117
189,ranchettes,41.2186,-104.7903,0.29,93,100,4.63,US,1730271119
190,douz,33.4663,9.0203,21.53,81,96,5.78,TN,1730271120
191,vadso,70.0744,29.7487,0.09,86,100,2.57,NO,1730270584
192,rio cuarto,-33.1307,-64.3499,20.65,42,0,6.78,AR,1730271123
193,kyaiklat,16.4333,95.7333,31.06,67,46,1.6,MM,1730271124
194,fort st. john,56.2499,-120.8529,-0.06,80,75,3.6,CA,1730270581
195,alice springs,-23.7,133.8833,34.75,8,99,3.6,AU,1730270783
196,tiksi,71.6872,128.8694,-23.38,100,68,1.47,RU,1730270623
197,san antonio de pale,-1.4014,5.6325,25.64,83,99,6.73,GQ,1730270746
198,viedma,-40.8135,-62.9967,18.04,43,100,3.73,AR,1730271131
199,vernon,50.2581,-119.2691,5.74,73,77,2.06,CA,1730270712
200,seydi,39.4816,62.9137,12.66,32,0,2.15,TM,1730271134
201,tangalle,6.024,80.7911,32.61,57,70,6.23,LK,1730271135
202,luderitz,-26.6481,15.1594,23.05,48,0,4.88,NA,1730271136
203,bredy,52.4153,60.3411,2.46,72,18,2.08,RU,1730271137
204,hammerfest,70.6634,23.6821,0.25,93,75,2.06,NO,1730271139
205,el fasher,13.6279,25.3494,25.94,15,0,3.19,SD,1730271140
206,epernay,49.05,3.95,12.06,87,2,1.34,FR,1730271141
207,ust'-kulom,61.6864,53.6902,2.4,97,100,2.17,RU,1730271143
208,amursk,50.2261,136.8994,4.02,66,100,1.8,RU,1730271144
209,zouerate,22.7187,-12.4521,19.0,35,69,3.11,MR,1730271145
210,al burayqah,30.4062,19.5739,21.66,66,0,3.71,LY,1730271147
211,naze,28.3667,129.4833,25.51,91,100,6.65,JP,1730271148
212,praya,14.9215,-23.5087,24.3,83,20,4.63,CV,1730271149
213,sheldon,43.1811,-95.8561,21.99,60,100,7.2,US,1730271151
214,chipata,-13.6333,32.65,22.56,71,100,1.91,ZM,1730271152
215,port elizabeth,-33.918,25.5701,18.51,82,20,8.23,ZA,1730270483
216,tralee,52.2704,-9.7026,12.84,93,100,0.88,IE,1730271155
217,uturoa,-16.7333,-151.4333,25.75,64,68,7.92,PF,1730271156
218,dwarka,22.2394,68.9678,30.59,51,0,3.46,IN,1730271157
219,kristiansund,63.1115,7.732,8.4,71,75,12.35,NO,1730271158
220,petropavlovsk-kamchatsky,53.0452,158.6483,2.33,38,75,12.0,RU,1730270594
221,murzuq,25.9155,13.9184,20.36,34,0,3.26,LY,1730271161
222,hatillo,18.4863,-66.8254,25.62,83,100,0.45,PR,1730271162
223,boyolangu,-8.1181,111.8935,31.27,60,26,4.86,ID,1730271164
224,hancheng,32.5186,112.3522,24.27,22,100,5.77,CN,1730271165
225,auki,-8.7676,160.7034,26.82,79,0,1.79,SB,1730271166
226,zabaykal'sk,49.6333,117.3167,7.79,53,100,3.24,RU,1730271168
227,cody,44.5263,-109.0565,1.22,82,100,2.57,US,1730271169
228,malango,-2.9627,119.9001,27.0,65,100,2.11,ID,1730271171
229,turkmenbasy,40.0222,52.9552,16.43,77,20,2.06,TM,1730271172
230,huanren,41.2647,125.3667,15.03,49,36,1.29,CN,1730271173
231,zambrow,52.9855,22.2432,11.27,95,100,4.43,PL,1730271175
232,happy valley-goose bay,53.3168,-60.3315,-7.83,86,20,2.57,CA,1730270647
233,kayenta,36.7278,-110.2546,3.8,60,63,3.71,US,1730271177
234,jodhpur,26.2867,73.03,34.19,23,0,3.66,IN,1730271179
235,guanica,17.9716,-66.908,25.54,89,90,1.81,PR,1730271180
236,kiffa,16.6166,-11.4045,28.74,26,88,4.46,MR,1730271181
237,la villa del rosario,10.3258,-72.3134,25.39,82,100,2.43,VE,1730271182
238,keren,15.7778,38.4581,25.31,48,2,1.15,ER,1730271184
239,barra de santo antonio,-9.4047,-35.5072,23.72,75,29,3.74,BR,1730271185
240,floro,61.5996,5.0328,7.98,81,75,7.2,NO,1730271186
241,timimoun,29.2639,0.231,16.21,36,0,4.12,DZ,1730271188
242,valle de la pascua,9.2155,-66.0073,22.28,84,100,1.71,VE,1730271189
243,manzhouli,49.6,117.4333,7.88,53,100,3.48,CN,1730271190
244,port augusta,-32.5,137.7667,30.38,19,9,4.24,AU,1730271192
245,nagua,19.3832,-69.8474,24.32,91,100,1.87,DO,1730271193
246,porkhov,57.765,29.5561,8.16,85,100,6.12,RU,1730271194
247,hirara,24.8,125.2833,28.15,94,75,8.23,JP,1730271195
248,hawaiian paradise park,19.5933,-154.9731,22.73,96,100,3.6,US,1730270500
249,opuwo,-18.0607,13.84,24.73,12,0,0.97,NA,1730271198
250,lisala,2.15,21.5167,25.84,82,89,0.94,CD,1730271199
251,kerikeri,-35.2268,173.9474,15.51,75,3,1.79,NZ,1730271201
252,buurhakaba,2.8026,44.0781,29.61,52,9,2.38,SO,1730271202
253,bam,29.106,58.357,22.36,23,0,3.39,IR,1730271203
254,el calafate,-50.3408,-72.2768,8.21,85,100,2.48,AR,1730270636
255,gereshk,31.8209,64.5701,23.28,17,0,1.23,AF,1730271206
256,nagqu,31.5,92.0,12.06,10,26,10.27,CN,1730270784
257,votuporanga,-20.4228,-49.9728,22.08,82,0,2.43,BR,1730271208
258,pariaman,-0.619,100.12,32.03,66,100,3.44,ID,1730271210
259,laramie,41.3114,-105.5911,-0.79,87,0,3.09,US,1730271211
260,kavalerovo,44.2661,135.0572,7.11,91,100,2.79,RU,1730271212
261,kodinsk,58.6881,99.1844,1.26,97,100,4.1,RU,1730271214
262,tambacounda,13.7539,-13.7586,25.96,60,83,1.64,SN,1730271215
263,natal,-5.795,-35.2094,23.12,88,20,2.57,BR,1730270920
264,glenwood springs,39.5505,-107.3248,2.57,93,75,1.59,US,1730271219
265,lan sak,15.4529,99.5761,31.45,62,7,1.48,TH,1730271220
266,sandnessjoen,66.0217,12.6316,5.06,65,75,3.6,NO,1730271221
267,kourou,5.1552,-52.6478,24.32,90,98,1.23,GF,1730271223
268,marsabit,2.3284,37.9899,24.63,40,31,6.29,KE,1730271224
269,uji,34.8833,135.8,19.64,60,7,4.75,JP,1730271225
270,abepura,-2.6333,140.5833,32.45,58,20,5.66,ID,1730270749
271,winkler,49.1817,-97.941,5.12,75,100,4.12,CA,1730271228
272,kidal,18.4411,1.4078,24.34,14,73,5.47,ML,1730271229
273,bel ombre,-4.6167,55.4167,29.91,70,20,1.03,SC,1730271231
274,callao,-12.0667,-77.15,18.73,82,75,4.63,PE,1730271232
275,erenhot,43.6475,111.9767,13.19,52,100,7.33,CN,1730271234
276,kani keli,-12.9536,45.1033,29.59,80,23,3.0,YT,1730271235
277,yuzhno-kurilsk,44.0306,145.8556,10.31,75,100,2.74,RU,1730271237
278,vilyuchinsk,52.9306,158.4028,3.15,70,100,18.07,RU,1730271238
279,sarangani,5.4033,125.4636,28.72,71,99,4.79,PH,1730271239
280,xai-xai,-25.0519,33.6442,22.17,85,100,5.38,MZ,1730271240
281,lambarene,-0.7001,10.2406,23.83,96,100,1.36,GA,1730271242
282,peace river,56.2501,-117.286,-1.83,86,75,1.54,CA,1730270796
283,troitskiy,57.0603,63.7481,2.8,62,14,3.49,RU,1730271244
284,georgetown,5.4112,100.3354,31.96,66,20,3.6,MY,1730271154
285,chilliwack,49.1747,-121.9443,8.03,95,100,0.51,CA,1730271009
286,east london,-33.0153,27.9116,15.52,88,100,6.69,ZA,1730271248
287,golhisar,37.1459,29.5088,13.07,38,57,1.69,TR,1730271250
288,dali,25.7,100.1833,20.41,51,100,2.6,CN,1730270823
289,coquimbo,-29.9533,-71.3436,14.85,84,100,2.57,CL,1730271252
290,mount isa,-20.7333,139.5,28.87,51,75,7.2,AU,1730271253
291,starke,29.9441,-82.1098,20.07,99,0,3.09,US,1730271255
292,khorixas,-20.3667,14.9667,24.23,18,0,2.67,NA,1730271256
293,olinda,-8.0089,-34.8553,25.85,69,20,3.6,BR,1730271257
294,hualien city,23.9769,121.6044,27.4,90,100,4.21,TW,1730271259
295,kismayo,-0.3582,42.5454,28.8,64,17,3.49,SO,1730271260
296,mariental,-24.6333,17.9667,22.21,31,0,5.87,NA,1730271261
297,mogok,22.9167,96.5,23.51,64,29,1.78,MM,1730271263
298,macapa,0.0389,-51.0664,25.99,89,100,2.57,BR,1730271264
299,saint-joseph,-21.3667,55.6167,26.21,73,82,6.38,RE,1730271266
300,tenenkou,14.4572,-4.9169,25.95,30,64,2.87,ML,1730271267
301,amherstburg,42.1168,-83.0499,21.1,67,0,6.69,CA,1730271269
302,masterton,-40.9597,175.6575,7.81,93,9,1.67,NZ,1730271270
303,queenstown,-31.8976,26.8753,13.04,61,78,3.67,ZA,1730271272
304,mogadishu,2.0371,45.3438,27.62,69,8,2.64,SO,1730271273
305,turpan,42.9333,89.1667,17.38,34,100,0.78,CN,1730271274
306,morazan,15.3167,-87.6,21.19,98,100,0.92,HN,1730271276
307,weinan,34.5036,109.5089,14.71,87,100,2.63,CN,1730271277
308,rio rancho,35.2334,-106.6645,12.3,24,2,2.24,US,1730271162
309,cannonvale,-20.2833,148.7,24.66,61,0,6.06,AU,1730271280
310,palmer,42.1584,-72.3287,11.02,79,100,2.06,US,1730271281
311,bubaque,11.2833,-15.8333,27.46,75,94,3.88,GW,1730271282
312,nemuro,43.3236,145.575,11.3,67,36,1.4,JP,1730271283
313,ornskoldsvik,63.2909,18.7153,3.53,65,0,11.32,SE,1730271285
314,watsa,3.0372,29.5355,25.24,70,7,0.66,CD,1730271286
315,gay,51.4666,58.4552,2.11,60,8,2.03,RU,1730271287
316,miquelon,47.0975,-56.3814,4.24,68,72,5.27,PM,1730271289
317,itoman,26.1247,127.6694,30.22,79,75,6.17,JP,1730271290
318,ingeniero jacobacci,-41.3427,-69.5448,16.68,21,97,0.49,AR,1730271291
319,poyarkovo,49.6,128.6833,9.65,50,98,3.64,RU,1730271293
320,aljezur,37.3191,-8.8033,14.29,89,100,3.35,PT,1730271294
321,port lincoln,-34.7333,135.8667,19.84,52,7,5.37,AU,1730271295
322,mao,39.8885,4.2658,21.31,94,75,7.72,ES,1730271297
323,princeville,45.7668,-61.2985,-1.24,85,0,1.54,CA,1730271298
324,klodawa,52.2545,18.9135,12.09,90,100,4.45,PL,1730271299
325,colonia,50.9333,6.95,13.31,92,100,1.54,DE,1730271301
326,kerman,30.2832,57.0788,17.92,34,0,2.06,IR,1730271302
327,ponta delgada,37.7333,-25.6667,18.44,88,20,2.57,PT,1730271303
328,khanbari,27.3747,87.2039,26.9,65,16,2.41,NP,1730271305
329,joao pinheiro,-17.7425,-46.1725,19.58,92,100,2.07,BR,1730271306
330,usakos,-22.0,15.6,25.8,19,0,8.14,NA,1730271307
331,gamba,-2.65,10.0,25.35,85,100,2.49,GA,1730271309
332,nyurba,63.2842,118.3319,-16.98,97,49,0.77,RU,1730271310
333,kavaratti,10.5669,72.642,27.74,66,15,1.04,IN,1730271311
334,ha'il,27.5219,41.6907,19.01,82,0,3.09,SA,1730271313
335,north ward,-19.2454,146.8075,27.95,57,20,6.69,AU,1730271314
336,hauterive,46.0901,3.4459,10.75,96,0,0.75,FR,1730271315
337,emerald,-23.5333,148.1667,33.1,18,1,2.25,AU,1730271316
338,kirakira,-10.4544,161.9205,27.52,78,87,1.56,SB,1730271318
339,constantia,44.1833,28.65,9.38,65,57,2.88,RO,1730271319
340,moneteau,47.8492,3.5818,9.88,95,3,1.85,FR,1730271320
341,tajerouine,35.8917,8.5528,18.41,73,62,1.56,TN,1730271322
342,sitka,57.0531,-135.33,10.94,54,100,11.83,US,1730271105
343,cheongsong gun,36.4335,129.057,17.05,57,0,0.77,KR,1730271324
344,arno,60.1167,18.6333,5.9,85,100,4.0,SE,1730271326
345,waddan,29.1614,16.139,19.39,66,0,1.5,LY,1730271327
346,ta`u,-14.2336,-169.5144,26.79,81,100,8.1,AS,1730271328
347,namdrik,5.5994,168.1028,25.7,86,100,0.75,MH,1730271330
348,mumbwa,-14.9783,27.0619,27.77,48,10,2.5,ZM,1730271331
349,yallahs,17.8748,-76.5624,28.85,87,100,2.89,JM,1730271332
350,derzhavinsk,51.1,66.3167,2.22,93,100,3.65,KZ,1730271334
351,amungan,15.3652,119.9582,27.0,84,100,2.44,PH,1730271335
352,kapuskasing,49.4169,-82.4331,8.05,100,100,1.54,CA,1730271336
353,alesund,62.4723,6.1549,9.86,81,75,11.32,NO,1730271338
354,pemba,-12.974,40.5178,29.39,79,20,7.29,MZ,1730271339
355,kuraymah,18.55,31.85,27.39,23,1,5.04,SD,1730271340
356,kotido,2.9806,34.1331,27.21,34,9,4.86,UG,1730271342
357,bundaberg,-24.85,152.35,23.94,62,1,4.04,AU,1730271343
358,quellon,-43.1167,-73.6167,9.62,96,96,3.33,CL,1730271344
359,mishelevka,52.8575,103.1719,7.03,55,98,1.61,RU,1730271345
360,aibak,36.2647,68.0155,13.61,61,0,1.93,AF,1730271347
361,sterling,39.0062,-77.4286,12.53,82,0,0.0,US,1730271348
362,tuensang,26.2833,94.8333,24.84,59,14,1.7,IN,1730271349
363,chos malal,-37.3781,-70.2709,20.31,46,0,2.98,AR,1730271351
364,dudinka,69.4058,86.1778,-12.77,97,100,2.66,RU,1730271352
365,odienne,9.51,-7.5692,22.41,88,100,0.91,CI,1730271353
366,fuling,29.7022,107.3919,26.13,39,0,1.92,CN,1730271355
367,ha giang,22.8333,104.9833,30.9,50,12,1.52,VN,1730271356
368,tindouf,27.6711,-8.1474,12.25,76,0,5.14,DZ,1730271357
369,pelabuhanratu,-6.9875,106.5514,32.81,58,81,3.81,ID,1730271358
370,verkhnevilyuysk,63.4453,120.3167,-16.46,96,99,0.66,RU,1730271360
371,freetown,8.484,-13.2299,25.27,84,54,0.74,SL,1730271361
372,easley,34.8298,-82.6015,15.92,91,100,0.45,US,1730271362
373,tura,25.5198,90.2201,28.73,60,8,2.21,IN,1730271364
374,fristad,65.2,16.7167,0.68,55,1,6.08,SE,1730271365
375,alta,69.9689,23.2717,0.66,84,100,14.31,NO,1730271366
376,rabaul,-4.1967,152.1721,28.65,72,75,3.59,PG,1730271368
377,trairi,-3.2778,-39.2689,25.44,78,100,5.63,BR,1730271369
378,bridgeport,41.167,-73.2048,16.16,92,75,0.89,US,1730271370
379,imperatriz,-5.5264,-47.4917,27.03,54,0,2.06,BR,1730271371
380,dodge city,37.7528,-100.0171,23.14,58,0,12.35,US,1730271102
381,macae,-22.3708,-41.7869,20.86,94,100,1.54,BR,1730271375
382,egilsstadir,65.2653,-14.3948,3.95,60,75,2.57,IS,1730271376
383,newnham,-41.3833,147.1333,17.53,59,100,8.75,AU,1730271377
384,rongelap,11.1635,166.8941,28.58,79,100,6.85,MH,1730271378
385,taroa,8.7058,171.2275,28.57,75,97,5.73,MH,1730271380
386,ixtapa,20.7,-105.2,24.57,78,0,1.54,MX,1730271381
387,selfoss,63.9331,-20.9971,2.25,86,100,1.76,IS,1730271382
388,forbesganj,26.3,87.25,31.47,50,5,1.48,IN,1730271384
389,keelung,25.1283,121.7419,23.94,91,100,7.6,TW,1730271385
390,jeremie,18.65,-74.1167,27.07,85,100,3.56,HT,1730271386
391,mirny,62.5353,113.9611,-13.87,96,100,1.37,RU,1730271388
392,guiberoua,6.2392,-6.1727,22.19,99,99,0.69,CI,1730271389
393,bandarbeyla,9.4942,50.8122,28.05,61,7,5.0,SO,1730271390
394,kingston,17.997,-76.7936,28.53,74,40,0.51,JM,1730271392
395,toliara,-23.35,43.6667,32.89,44,55,1.8,MG,1730271393
396,belyy yar,53.6039,91.3903,3.94,52,0,8.0,RU,1730271395
397,belomorsk,64.5232,34.7668,2.61,97,100,4.61,RU,1730271396
398,ribeira brava,32.65,-17.0667,20.4,69,0,2.15,PT,1730271397
399,dunedin,-45.8742,170.5036,12.67,82,100,1.34,NZ,1730271181
400,bechar,31.6167,-2.2167,11.18,46,0,0.0,DZ,1730271400
401,williams lake,52.1415,-122.1445,4.47,72,0,7.72,CA,1730271401
402,bonab,37.3404,46.0561,10.25,43,0,2.06,IR,1730271404
403,tateyama,34.9833,139.8667,19.77,81,100,3.8,JP,1730271405
404,zuunmod,47.7069,106.9528,6.57,51,6,2.71,MN,1730271407
405,mogocha,53.7333,119.7667,1.19,76,100,1.04,RU,1730271408
406,san pedro,14.35,121.0167,29.57,83,75,7.2,PH,1730271409
407,shinas,24.7433,56.4658,31.91,34,0,2.85,OM,1730271411
408,st. john's,47.5649,-52.7093,1.82,93,100,4.12,CA,1730271412
409,pansemal,21.65,74.7,33.45,30,2,3.2,IN,1730271413
410,bani walid,31.7566,13.9942,19.07,82,5,1.81,LY,1730271414
411,waveland,30.2869,-89.3762,22.29,84,0,4.24,US,1730271416
412,ulladulla,-35.35,150.4667,19.4,75,4,3.27,AU,1730271418
413,knoxville,35.9606,-83.9207,14.58,88,100,0.89,US,1730271419
414,jinka,5.65,36.65,22.14,67,66,1.18,ET,1730271420
415,lakatoro,-16.0999,167.4164,25.55,82,100,1.6,VU,1730271421
416,xianyang,34.3378,108.7026,15.58,94,100,5.0,CN,1730271423
417,tostado,-29.232,-61.7692,18.32,71,0,4.82,AR,1730271425
418,bridgewater,44.3835,-64.5155,1.82,87,24,2.06,CA,1730271426
419,posto fiscal rolim de moura,-13.0833,-62.2667,24.62,77,100,1.13,BR,1730271428
420,hinton,53.4001,-117.5857,-2.94,87,33,3.28,CA,1730271429
421,kolonia,50.9333,6.95,13.31,92,100,1.54,DE,1730271301
422,iwon-up,40.3231,128.6553,17.57,57,7,3.57,KP,1730271432
423,conception bay south,47.4999,-52.9981,1.69,93,100,7.72,CA,1730271433
424,holualoa,19.6228,-155.9522,22.13,78,8,1.37,US,1730271435
425,liaozhong,41.5061,122.7242,15.03,41,97,1.48,CN,1730271436
426,tarauaca,-8.1614,-70.7656,22.55,86,9,1.11,BR,1730271437
427,mosjoen,65.836,13.1908,2.29,75,75,2.06,NO,1730271439
428,codrington,-38.2667,141.9667,14.95,65,100,7.21,AU,1730271440
429,erechim,-27.6342,-52.2739,13.27,93,0,1.6,BR,1730271441
430,sainte catherine de la jacques cartier,46.8524,-71.6206,5.5,90,100,3.09,CA,1730271443
431,bathsheba,13.2167,-59.5167,26.34,89,20,2.57,BB,1730271444
432,richards bay,-28.783,32.0377,23.13,54,83,4.81,ZA,1730271445
433,port douglas,-16.4833,145.4667,25.64,68,3,5.51,AU,1730271447
434,tanguieta,10.6212,1.2665,25.13,57,100,1.22,BJ,1730271448
435,christchurch,-43.5333,172.6333,13.28,69,26,5.66,NZ,1730271223
436,kukmor,56.1855,50.8944,3.21,96,100,4.27,RU,1730271450
437,san matias,-16.3667,-58.4,22.85,90,100,0.74,BO,1730271452
438,shingu,33.7333,135.9833,20.02,62,100,2.83,JP,1730271453
439,novyy urgal,51.0736,132.5642,3.43,64,100,2.1,RU,1730271454
440,luang prabang,19.8856,102.1347,30.98,66,20,1.03,LA,1730271456
441,qa'en,33.7265,59.1844,16.07,26,0,1.52,IR,1730271457
442,al bawiti,28.3492,28.8659,19.72,60,0,4.27,EG,1730271458
443,hell-ville,-13.4,48.2667,30.93,74,20,3.09,MG,1730271460
444,sisimiut,66.9395,-53.6735,-7.88,69,98,6.79,GL,1730271461
445,minab,27.1467,57.0801,33.15,16,5,4.67,IR,1730271462
446,kone,-21.0595,164.8658,22.98,68,76,2.78,NC,1730271466
447,oktyabr'skiy,54.4815,53.471,3.62,76,99,5.81,RU,1730271467
448,alibag,18.6411,72.8792,29.88,64,3,1.79,IN,1730271468
449,city beach,-31.9365,115.7599,30.01,45,18,7.72,AU,1730271470
450,susuman,62.7833,148.1667,-14.75,91,100,2.55,RU,1730271471
451,gadzhiyevo,69.2551,33.3362,0.14,88,100,6.56,RU,1730271472
452,overath,50.9328,7.2839,12.99,89,100,1.54,DE,1730271474
453,kazan,55.7887,49.1221,5.34,88,100,3.05,RU,1730271475
454,bengkulu,-3.8004,102.2655,29.86,68,54,4.29,ID,1730271476
455,saint-louis,16.3333,-15.0,26.64,25,24,3.79,SN,1730271478
456,praia da vitoria,38.7333,-27.0667,19.14,82,75,3.35,PT,1730271479
457,severo-yeniseyskiy,60.3725,93.0408,-3.63,90,100,3.57,RU,1730271480
458,keningau,5.3378,116.1602,30.92,59,80,2.1,MY,1730271482
459,linfen,36.0889,111.5189,16.32,66,100,1.64,CN,1730271483
460,ulsteinvik,62.3432,5.8487,9.86,83,100,5.36,NO,1730271485
461,kingscliff,-28.2667,153.5667,23.3,73,100,4.63,AU,1730271486
462,hadibu,12.65,54.0333,28.38,53,5,3.55,YE,1730271487
463,tazovsky,67.4667,78.7,-4.11,95,100,3.08,RU,1730271489
464,kulhudhuffushi,6.6221,73.07,28.09,75,100,3.73,MV,1730271490
465,chernyshevskiy,63.0128,112.4714,-14.25,93,93,0.61,RU,1730271491
466,jalalabad,34.4265,70.4515,26.63,36,0,0.33,AF,1730271492
467,puerto leguizamo,-0.1934,-74.7819,20.35,99,49,0.8,CO,1730271494
468,aykhal,66.0,111.5,-19.82,100,55,2.07,RU,1730271495
469,aldan,58.6031,125.3894,-11.16,93,92,0.15,RU,1730271496
470,ballinasloe,53.3275,-8.2194,11.94,93,100,1.16,IE,1730271498
471,touros,-5.1989,-35.4608,24.56,78,100,5.47,BR,1730271499
472,shushi,39.7589,46.7492,7.97,69,71,1.7,AZ,1730271500
473,siddapur,14.3333,74.8833,28.52,59,34,1.18,IN,1730271502
474,aksu,41.1231,80.2644,15.95,28,44,3.57,CN,1730271503
475,makinsk,52.6292,70.4169,2.57,79,98,3.81,KZ,1730271504
476,howard springs,-12.497,131.047,32.21,71,100,5.93,AU,1730271505
477,chabahar,25.2919,60.643,29.0,60,0,2.04,IR,1730271507
478,taro,-8.3862,115.28,27.48,66,100,1.47,ID,1730271508
479,pacocha,-17.5833,-71.3333,16.42,90,100,1.51,PE,1730271510
480,maebaru-chuo,33.55,130.2,23.17,66,94,6.29,JP,1730271511
481,jikamshi,12.1733,7.7742,23.18,21,40,4.36,NG,1730271512
482,sakhipur,24.3,90.1833,31.64,54,33,1.72,BD,1730271514
483,qamdo,31.1667,97.2333,12.78,26,0,3.89,CN,1730271515
484,iranshahr,27.2025,60.6848,31.19,18,0,2.06,IR,1730271516
485,saldanha,-33.0117,17.9442,19.03,70,0,6.1,ZA,1730271518
486,la pintana,-33.5833,-70.6342,19.81,55,2,0.86,CL,1730271519
487,kuhmo,64.1333,29.5167,4.28,69,100,6.82,FI,1730271520
488,bodo,67.28,14.405,3.02,75,75,6.17,NO,1730271522
489,hargeysa,9.56,44.065,25.32,51,0,2.41,SO,1730271523
490,musoma,-1.5,33.8,27.72,44,1,0.88,TZ,1730271524
491,mhangura,-16.8939,30.1683,28.61,42,43,3.69,ZW,1730271526
492,kupjansk,49.7209,37.5998,7.14,67,85,1.05,UA,1730271527
493,alto barinas,8.5931,-70.2261,22.33,93,99,1.77,VE,1730271528
494,aracati,-4.5617,-37.7697,23.44,73,100,2.96,BR,1730271530
495,bakchar,57.0186,82.0711,0.46,93,100,4.3,RU,1730271532
496,siwa oasis,29.2041,25.5195,19.73,61,0,1.8,EG,1730271533
497,yahualica de gonzalez gallo,21.1333,-102.85,15.53,56,7,1.95,MX,1730271534
498,stupino,54.9008,38.0708,3.54,79,100,3.83,RU,1730271536
499,muisne,0.6,-80.0333,23.47,86,100,4.64,EC,1730271537
500,mountain home,43.133,-115.6912,-0.29,69,0,2.68,US,1730271539
501,mwene-ditu,-7.0,23.45,19.81,98,100,2.44,CD,1730271540
502,pemangkat,1.1667,108.9667,30.24,71,49,10.45,ID,1730271541
503,lerwick,60.1545,-1.1494,9.37,74,100,8.73,GB,1730271542
504,banapur,19.7833,85.1833,29.4,69,20,3.71,IN,1730271544
505,shenjiamen,29.9576,122.298,21.95,74,100,7.6,CN,1730271545
506,talcahuano,-36.7167,-73.1167,11.82,100,100,2.57,CL,1730271546
507,coahuayana de hidalgo,18.7,-103.6583,24.17,96,4,1.72,MX,1730271548
508,rapla,59.0072,24.7928,8.27,95,100,4.7,EE,1730271549
509,san borja,-14.8167,-66.85,23.61,85,44,1.28,BO,1730271550
510,nogent-le-rotrou,48.3333,1.0,10.83,99,0,3.24,FR,1730271552
511,newman,37.3138,-121.0208,11.14,70,6,1.34,US,1730271553
512,ilhabela,-23.7781,-45.3581,21.29,94,74,2.56,BR,1730271554
513,puerto san jose,13.9256,-90.8244,24.93,88,100,2.35,GT,1730271556
514,fauske,67.2588,15.3918,1.64,73,100,7.21,NO,1730271557
515,corner brook,48.9667,-57.9484,-1.18,85,13,1.11,CA,1730271559
516,amahai,-3.3333,128.9167,30.21,65,29,4.35,ID,1730271560
517,san luis de la loma,17.2706,-100.8939,25.18,84,16,2.14,MX,1730271562
518,humaita,-7.5061,-63.0208,23.93,65,26,1.63,BR,1730271563
519,tammela,60.8104,23.7682,5.98,78,8,5.95,FI,1730271564
520,sinan,34.8262,126.1086,16.8,67,3,8.25,KR,1730271566
521,sao geraldo do araguaia,-6.4006,-48.555,24.99,63,94,1.15,BR,1730271567
522,la ronge,55.1001,-105.2842,-3.86,80,75,1.54,CA,1730271569
523,badiyah,22.45,58.8,31.09,36,0,2.54,OM,1730271570
524,santa maria,-29.6842,-53.8069,17.56,96,85,3.03,BR,1730271288
525,putian,25.4394,119.0103,23.59,55,92,6.27,CN,1730271573
526,mont-laurier,46.5501,-75.4993,8.57,98,100,2.79,CA,1730271574
527,zhoushan,30.0108,122.2047,21.86,74,100,7.34,CN,1730271575
528,tahoua,14.8888,5.2692,19.99,42,0,2.57,NE,1730271576
529,inhambane,-23.865,35.3833,26.99,83,75,0.0,MZ,1730271578
530,kuala belait,4.5833,114.1833,30.05,68,72,2.31,BN,1730271579
531,nambucca heads,-30.65,153.0,20.05,71,0,6.06,AU,1730271580
532,san antonio,29.4241,-98.4936,24.58,86,75,3.09,US,1730271582
533,jayapura,-2.5333,140.7,32.66,72,6,2.94,ID,1730271583
534,swakopmund,-22.6833,14.5333,12.21,89,0,3.13,NA,1730271584
535,port blair,11.6667,92.75,28.62,72,90,2.31,IN,1730271586
536,mata-utu,-13.2816,-176.1745,27.63,75,92,2.46,WF,1730271587
537,novyy urengoy,66.0833,76.6333,-3.22,95,100,3.47,RU,1730271589
538,necochea,-38.5473,-58.7368,19.23,70,100,5.01,AR,1730271590
539,gillette,44.2911,-105.5022,0.53,95,100,0.45,US,1730271592
540,inari,68.906,27.0288,-1.3,98,100,1.52,FI,1730271593
541,minusinsk,53.7103,91.6875,4.01,52,100,7.81,RU,1730271594
542,al wajh,26.2455,36.4525,25.97,61,0,2.06,SA,1730271595
543,montmagny,48.9734,2.3469,12.02,99,100,2.06,FR,1730271597
544,cambria,35.5641,-121.0808,9.47,90,0,1.34,US,1730271598
545,sao raimundo das mangabeiras,-7.0219,-45.4811,25.69,49,49,0.78,BR,1730271599
546,mbanza kongo,-6.267,14.2401,23.79,73,100,1.83,AO,1730271601
547,papao,-17.75,-149.55,24.82,74,48,8.36,PF,1730271602
548,moroto,2.5345,34.6666,25.67,41,10,2.26,UG,1730271603
549,argo,37.6333,22.7333,20.88,46,0,3.01,GR,1730271605
550,nguigmi,14.2495,13.1092,24.84,19,5,6.33,NE,1730271606
551,farasan,16.7022,42.1183,30.88,70,32,3.8,SA,1730271607
552,hovd,48.0056,91.6419,2.48,35,65,4.72,MN,1730271609
553,santiago de cao,-7.9589,-79.2392,17.07,88,100,4.12,PE,1730271610
554,port saint john's,-31.6229,29.5448,20.48,58,81,7.46,ZA,1730271611
555,turan,16.0678,108.2208,24.99,94,75,0.51,VN,1730271612
556,tobruk,32.0836,23.9764,22.55,48,0,3.38,LY,1730271614
557,guerrero negro,27.9769,-114.0611,16.67,68,0,7.56,MX,1730271615
558,oltinko'l,40.8011,72.1634,15.03,48,0,1.01,UZ,1730271616
559,meizhou,24.2977,116.1072,31.35,33,23,2.81,CN,1730271618
560,haiku-pauwela,20.9219,-156.3051,23.47,80,20,6.71,US,1730271619
561,belisce,45.6803,18.4058,13.28,67,6,0.92,HR,1730271621
562,qarauyl,48.9451,79.255,4.54,43,100,4.3,KZ,1730271622
563,calangute,15.5439,73.7553,28.64,70,16,4.42,IN,1730271624
564,akhty,41.4597,47.7312,7.81,51,30,1.71,RU,1730271625
565,san juan,-31.5375,-68.5364,25.94,33,0,8.87,AR,1730271386
566,borba,-4.3878,-59.5939,28.65,35,100,1.06,BR,1730271628
567,tidjikja,18.5564,-11.4271,24.69,31,100,4.77,MR,1730271629
568,aoulef,26.9667,1.0833,25.03,25,100,3.04,DZ,1730271631
569,micheweni,-4.9667,39.8333,29.56,62,4,1.81,TZ,1730271632
570,flin flon,54.7682,-101.865,-2.73,75,99,2.82,CA,1730271633
